{"cameraMode":{"drawMode":0,"name":"Shaded","section":"Shading Mode"},"sceneLighting":true,"audioPlay":false,"sceneViewState":{"showFog":true,"showMaterialUpdate":false,"showSkybox":true,"showFlares":true,"showImageEffects":true,"showParticleSystems":true},"in2DMode":false,"pivot":{"x":4.059580326080322,"y":2.05080509185791,"z":0.2405800074338913},"rotation":{"x":-0.21960653364658357,"y":-0.3527042269706726,"z":0.08552820235490799,"w":-0.9055774211883545},"size":3.1165106296539308,"orthographic":false}