{"cameraMode":{"drawMode":0,"name":"Shaded","section":"Shading Mode"},"sceneLighting":true,"audioPlay":false,"sceneViewState":{"showFog":true,"showMaterialUpdate":false,"showSkybox":true,"showFlares":true,"showImageEffects":true,"showParticleSystems":true},"in2DMode":false,"pivot":{"x":1198.716064453125,"y":377.7055969238281,"z":30.789541244506837},"rotation":{"x":-0.030904468148946763,"y":0.008092265576124192,"z":-0.00025354474200867116,"w":-0.9994972348213196},"size":988.7723388671875,"orthographic":false}